Organism,Acinetobacter baumannii,Aeromonas hydrophila,Acinetobacter junii,Aeromonas salmonicida,Candida albicans,Citrobacter koseri (diversus),Candida dubliniensis,Candida guilliermondii,Cryptococcus laurentii,Chryseomonas luteola,Candida lusitaniae,Candida parapsilosis,Dermacoccus nishinomiyaensis,Enterobacter aerogenes,Enterobacter cloacae,Escherichia coli,Enterococcus faecalis,Gemella sp.,Kocuria kristinae,Klebsiella pneumoniae ss. pneumoniae,Kocuria rosea,Micrococcus luteus,Morganella morganii ss. morganii,Pseudomonas aeruginosa,Burkholderia cepacia,Pseudomonas fluorescens,Stenotrophomonas maltophilia,Proteus mirabilis,Burkholderia pseudomallei,Providencia stuartii,Pseudomonas stutzeri,Salmonella Paratyphi A,Granulicatella adiacens,Salmonella sp.,Staphylococcus saprophyticus ss. saprophyticus,Salmonella Typhi,Staphylococcus aureus ss. aureus,Staphylococcus capitis ss. capitis,Staphylococcus epidermidis,Staphylococcus haemolyticus,Staphylococcus hominis ss. hominis,Staphylococcus sciuri ss. lentus,Rothia mucilaginosus,Streptococcus mitis,Sphingomonas paucimobilis,Streptococcus pneumoniae,Streptococcus pyogenes,Streptococcus dysgalactiae ss. equisimilis,Streptococcus porcinus,Stemphylium sp.,Staphylococcus warneri,Candida famata,Unknown,Yersinia kristensenii
Number of isolates,23,2,2,1,9,2,1,1,1,1,1,1,1,1,6,61,14,1,4,27,1,9,2,35,2,1,6,1,1,1,1,4,1,1,1,1,17,1,18,11,6,1,1,1,1,2,5,2,2,2,1,2,16,2
Amoxicillin,,,,,,,,,,,,,,,,,100,,,,,,,,,,,,,,,,,,0,,23.5,0,11.1,0,0,,,,,,,,,,0,,,
Amoxicillin/Clavulanic acid,0,100,100,,,100,,,,,,,,0,0,75.9,100,,,81.8,,,0,0,0,100,,100,,0,,100,,,100,,88.2,0,54.5,0,50,,,,,,,,,,100,,,100
Amphotericin B,,,,,66.7,,100,0,,,100,100,,,,,,,,,,,,,,,,,,,,,,,,,,,,,,,,,,,,,,50,,,,
Ampicillin,0,0,50,,,0,,,,0,,,,0,0,27.9,100,,,0,,,0,0,0,100,,100,,0,100,100,,100,,100,,,,,,,,,,,,,,,,,,100
Ampicillin/Sulbactam,50,0,100,,,100,,,,0,,,,,0,43.8,100,,,46.7,,,,0,0,,,,,,0,100,,100,100,100,88.2,0,54.5,0,50,,,,,,,,,,100,,,
Anidulafungin,69.6,100,100,,,100,,,,100,,,,100,100,100,,,,100,,,100,77.1,50,100,,100,,100,100,0,,0,,0,,,,,,,,,,,,,,,,,,0
Azithromycin,,,,,,,,,,,,,,,,,,,,,,,,,,,,,,,,,,,0,,90.9,0,54.5,16.7,0,,,,,,,,,,,,,
Azlocilin,,,,,,,,,,,,,,,,,,,,,,,,,,,,,,,,,,,0,,23.5,0,11.1,0,0,,,,,,,,,,0,,,
Aztreonam,0,100,0,,,100,,,,100,,,,,33.3,56.2,,,,46.7,,,,35,0,,,,,,0,100,,100,,100,,,,,,,,,,,,,,,,,,
Carbencilin,,,,,,,,,,,,,,,,,,,,,,,,,,,,,,,,,,,0,,23.5,0,11.1,0,0,,,,,,,,,,0,,,
Caspofungin,,,,,100,,100,100,,,100,100,,,,,,,,,,,,,,,,,,,,,,,,,,,,,,,,,,,,,,,,,,
Cefaclor,,,,,,,,,,,,,,,,,,,,,,,,,,,,,,,,,,,100,,88.2,0,33.3,0,25,,,,,,,,,,100,,,
Cefadroxil,,,,,,,,,,,,,,,,,,,,,,,,,,,,,,,,,,,,,75,0,0,0,25,,,,,,,,,,100,,,
Cefaloridine,,,,,,,,,,,,,,,,,,,,,,,,,,,,,,,,,,,100,,88.2,0,33.3,0,25,,,,,,,,,,100,,,
Cefamandole,,,,,,,,,,,,,,,,,,,,,,,,,,,,,,,,,,,100,,88.2,0,33.3,0,25,,,,,,,,,,100,,,
Cefazolin,0,0,0,,,0,,,,0,,,,,0,0,,,,0,,,,0,0,,,,,,0,0,,0,100,0,88.2,0,33.3,0,25,,,,,,,,,,100,,,
Cefdinir,,,,,,,,,,,,,,,,,,,,,,,,,,,,,,,,,,,100,,88.2,0,33.3,0,25,,,,,,,,,,100,,,
Cefditoren,,,,,,,,,,,,,,,,,,,,,,,,,,,,,,,,,,,,,75,0,0,0,25,,,,,,,,,,100,,,
Cefepime,12.5,100,100,,,100,,,,100,,,,,66.7,56.2,,,,46.7,,,,50,0,,,,,,100,100,,100,100,100,88.2,0,33.3,0,25,,,,,,,,,,100,,,
Cefetamet,,,,,,,,,,,,,,,,,,,,,,,,,,,,,,,,,,,,,0,0,0,0,0,,,,,,,,,,,,,
Cefixime,,,,,,,,,,,,,,,,,,,,,,,,,,,,,,,,,,,,,0,0,0,0,0,,,,,,,,,,,,,
Cefmetazole,,,,,,,,,,,,,,,,,,,,,,,,,,,,,,,,,,,100,,88.2,0,33.3,0,25,,,,,,,,,,100,,,
Cefonicid,,,,,,,,,,,,,,,,,,,,,,,,,,,,,,,,,,,100,,88.2,0,33.3,0,25,,,,,,,,,,100,,,
Cefoperazone,,,,,,,,,,,,,,,,,,,,,,,,,,,,,,,,,,,100,,88.2,0,33.3,0,25,,,,,,,,,,100,,,
Cefotaxime,6.7,100,100,,,100,,,,,,,,100,66.7,58.6,,,,81.8,,,100,0,100,100,,100,,100,,100,,,100,,88.2,0,33.3,0,25,,,,,0,,,,,100,,,0
Cefotetan,,,,,,,,,,,,,,,,,,,,,,,,,,,,,,,,,,,100,,88.2,0,33.3,0,25,,,,,,,,,,100,,,
Cefoxitin,0,0,100,,,100,,,,,,,,0,0,86.2,,,,90.9,,,50,0,0,100,,100,,100,,0,,,,,81.8,0,14.3,0,25,,,,,,,,,,100,,,0
Cefpodoxime,,,,,,,,,,,,,,,,,,,,,,,,,,,,,,,,,,,100,,88.2,0,33.3,0,25,,,,,,,,,,100,,,
Cefprozil,,,,,,,,,,,,,,,,,,,,,,,,,,,,,,,,,,,100,,88.2,0,33.3,0,25,,,,,,,,,,100,,,
Cefroxadine,,,,,,,,,,,,,,,,,,,,,,,,,,,,,,,,,,,100,,88.2,0,33.3,0,25,,,,,,,,,,100,,,
Ceftazidime,13,100,50,,,100,,,,100,,,,100,66.7,57.4,,,,61.5,,,100,34.3,50,100,,100,,100,0,100,,100,100,100,88.2,0,33.3,0,25,,,,,,,,,,100,,,0
Ceftibuten,,,,,,,,,,,,,,,,,,,,,,,,,,,,,,,,,,,,,0,0,0,0,0,,,,,,,,,,,,,
Ceftizoxime,,,,,,,,,,,,,,,,,,,,,,,,,,,,,,,,,,,100,,88.2,0,33.3,0,25,,,,,,,,,,100,,,
Ceftobiprole,,,,,,,,,,,,,,,,,,,,,,,,,,,,,,,,,,,100,,100,,100,,100,,,,,,,,,,100,,,
Ceftriaxone,0,100,50,,,100,,,,,,,,100,50,55.7,,,,61.5,,,100,,,,,100,,100,,100,,100,100,100,88.2,0,33.3,0,25,,,,,0,,,,,100,,,0
Cefuroxime,,,,,,,,,,,,,,,,,,,,,,,,,,,,,,,,,,,100,,88.2,0,33.3,0,25,,,,,,,,,,100,,,
Ciprofloxacin,12.5,100,100,,,100,,,,100,,,,,100,53.1,100,,,86.7,,,,40,0,,,,,,100,100,,100,100,100,88.2,0,55.6,18.2,83.3,100,,,,,,,,,100,,,
Clarithromycin,,,,,,,,,,,,,,,,,,,,,,,,,,,,,,,,,,,0,,90.9,0,54.5,16.7,0,,,,,,,,,,,,,
Clindamycin,,,,,,,,,,,,,,,,,0,,,,,,,,,,,,,,,,,,0,,88.2,0,50,27.3,50,0,,,,0,0,0,,,100,,,
Doripenem,20,100,100,,,100,,,,,,,,100,100,96.6,,,,100,,,,53.3,100,100,,,,,,100,,,100,,88.2,0,33.3,0,25,,,,,,,,,,100,,,100
Doxycycline,20,100,100,,,100,,,,,,,,100,66.7,44.8,100,,,54.5,,,0,0,0,100,,0,,0,,100,,,100,,100,100,100,100,100,,,,,,,,,,100,,,100
Ertapenem,,,,,,100,,,,,,,,,33.3,100,,,,100,,,,,,,,,,,,100,,100,100,100,88.2,0,33.3,0,25,,,,,,,,,,100,,,
Erythromycin,,,,,,,,,,,,,,,,,50,,,,,,,,,,,,,,,,,,0,,88.2,0,44.4,18.2,33.3,100,,,,0,0,0,,,100,,,
Faropenem,,,,,,,,,,,,,,,,,,,,,,,,,,,,,,,,,,,100,,88.2,0,33.3,0,25,,,,,,,,,,100,,,
Florfenicol,,,,,,,,,,,,,,,,,,,,,,,,,,,,,,,,,,,,,0,0,0,0,0,,,,,,,,,,,,,
Fluconazole,,,,,100,,100,100,,,100,100,,,,,,,,,,,,,,,,,,,,,,,,,,,,,,,,,,,,,,,,,,
Gentamicin,26.1,100,100,,,100,,,,100,,,,100,100,72.1,,,,69.2,,,100,54.3,50,100,,100,,0,100,0,,0,100,0,88.2,0,83.3,18.2,100,0,,,,,,,,,100,,,0
Gentamicin-High,,,,,,,,,,,,,,,,,85.7,,,,,,,,,,,,,,,,,,,,,,,,,,,,,,,,,,,,,
Imipenem,20,100,100,,,100,,,,,,,,0,100,96.6,100,,,100,,,50,40,100,100,,0,,0,,100,,,100,,88.2,0,33.3,0,25,,,,,,,,,,100,,,100
Levofloxacin,13.3,100,100,,,100,,,,,,,,100,100,51.7,100,,,81.8,,,100,40,100,100,66.7,100,,100,,50,,,100,,88.2,0,50,18.2,83.3,100,,,,0,100,100,,,100,,,0
Linezolid,,,,,,,,,,,,,,,,,92.9,,,,,,,,,,,,,,,,,,100,,100,100,100,100,100,100,,,,100,100,100,,,100,,,
Loracarbef,,,,,,,,,,,,,,,,,,,,,,,,,,,,,,,,,,,100,,88.2,0,33.3,0,25,,,,,,,,,,100,,,
Meropenem,30.4,50,100,,,100,,,,100,,,,100,83.3,98.4,,,,100,,,100,42.9,100,100,,100,,100,100,100,,100,100,100,88.2,0,33.3,0,25,,,,,,,,,,100,,,100
Methicillin,,,,,,,,,,,,,,,,,,,,,,,,,,,,,,,,,,,100,,88.2,0,33.3,0,25,,,,,,,,,,100,,,
Mezlocilin,,,,,,,,,,,,,,,,,,,,,,,,,,,,,,,,,,,0,,23.5,0,11.1,0,0,,,,,,,,,,0,,,
Minocycline,,,,,,,,,,,,,,,,,100,,,,,,,,,,,,,,,,,,100,,100,100,100,100,100,,,,,,,,,,100,,,
Moxifloxacin,,,,,,,,,,,,,,,,,100,,,,,,,,,,,,,,,,,,100,,88.2,0,55.6,27.3,83.3,100,,,,,,,,,100,,,
Nafcilin,,,,,,,,,,,,,,,,,,,,,,,,,,,,,,,,,,,100,,88.2,0,33.3,0,25,,,,,,,,,,100,,,
Nitrofurantoin,0,100,0,,,0,,,,0,,,,,33.3,90.6,100,,,40,,,,0,0,,,,,,100,100,,100,100,0,100,100,100,100,83.3,100,,,,,,,,,100,,,
Ofloxacin,,,,,,,,,,,,,,,,,,,,,,,,,,,,,,,,,,,100,,88.2,0,52.9,22.2,80,,,,,,,,,,100,,,
Oxacillin,,,,,,,,,,,,,,,,,,,,,,,,,,,,,,,,,,,100,,81.8,0,54.5,0,0,,,,,,,,,,,,,
Piperacillin,,,,,,,,,,,,,,,,,100,,,,,,,,,,,,,,,,,,0,,23.5,0,11.1,0,0,,,,,,,,,,0,,,
Piperacillin/Tazobactam,21.7,50,0,,,100,,,,100,,,,100,50,78.7,100,,,88.5,,,100,34.3,50,0,,100,,100,,100,,100,100,100,88.2,0,33.3,0,25,,,,,,,,,,100,,,100
Polymyxin B / Polysorbate 80,100,,100,,,,,,,,,,,,,,,,,,,,,100,,,,,,,,,,,,,,,,,,,,,,,,,,,,,,
Quinupristin/Dalfopristin,,,,,,,,,,,,,,,,,0,,,,,,,,,,,,,,,,,,100,,100,100,100,100,83.3,100,,,,,,,,,100,,,
Rifampin,,,,,,,,,,,,,,,,,,,,,,,,,,,,,,,,,,,100,,100,0,88.9,90.9,83.3,100,,,,,,,,,100,,,
Streptomycin-High,,,,,,,,,,,,,,,,,92.9,,,,,,,,,,,,,,,,,,,,,,,,,,,,,,,,,,,,,
Tetracycline,,,,,,,,,,,,,,,,,71.4,,,,,,,,,,,,,,,,,,100,,70.6,100,66.7,63.6,50,100,,,,0,0,0,,,100,,,
Ticarcillin,,,,,,,,,,,,,,,,,,,,,,,,,,,,,,,,,,,0,,23.5,0,11.1,0,0,,,,,,,,,,0,,,
Ticarcillin/Clavulanic acid,,,,,,,,,,,,,,,,,,,,,,,,,,,,,,,,,,,100,,88.2,0,54.5,0,50,,,,,,,,,,100,,,
Tigecycline,25,100,100,,,100,,,,100,,,,,100,100,100,,,93.3,,,,0,0,,,,,,100,100,,100,100,100,100,100,100,100,100,100,,,,,,,,,100,,,
Tobramycin,46.7,0,100,,,100,,,,,,,,100,100,86.2,,,,81.8,,,100,60,100,100,,100,,0,,0,,,,,,,,,,,,,,,,,,,,,,0
Trimethoprim/Sulfamethoxazole,37.5,100,0,,,100,,,,100,,,,,100,50,,,,53.3,,,,0,0,,100,,,,100,100,,100,100,100,88.2,0,72.2,45.5,66.7,100,,,,0,100,100,,,100,,,
Vancomycin,,,,,,,,,,,,,,,,,100,,,,,,,,,,,,,,,,,,100,,88.2,0,94.4,81.8,100,100,,,,,100,100,,,100,,,
Voriconazole,,,,,88.9,,100,0,,,100,100,,,,,,,,,,,,,,,,,,,,,,,,,,,,,,,,,,,,,,,,,,
